id,name,company,work,gender,Age,Geography
1,Selma Caldron,Yata,Bitchip,Male,19,France
2,Paul Pennell,Tavu,Transcof,Male,21,Spain
3,Henrietta Randles,Roomm,Pannier,Female,20,France
4,Jamima O'Hollegan,Myworks,Matsoft,Female,23,France
5,Karole Jinkinson,Myworks,Zathin,Female,31,Spain
6,Maye McCudden,Linktype,Fix San,Female,22,Spain
7,Saleem Hazeldean,Kimia,Fixflex,Female,35,France
8,Alex MacKettrick,Jabbercube,Stim,Female,23,Germany
9,Eveleen Rosell,Jabbercube,Veribet,Male,64,France
10,Gardener Crimin,Twimm,Pannier,Female,30,France
11,Noach Norvell,Mita,Hatity,Male,67,France
12,Shela Grimsell,Divanoodle,Biodex,Female,35,Spain
13,Reuben Annesley,Shuffledrive,Mat Lam Tam,Female,58,France
14,Kiah Baroche,Trudeo,Bamity,Female,24,France
15,Nataline Jenkin,Dabvine,Toughjoyfax,Male,37,Spain
16,Kirstyn Van Der Straaten,Thoughtstorm,Fintone,Male,22,Germany
17,Adore Arlt,Devbug,Fintone,Female,35,Germany
18,Dre Parnall,Browsedrive,Regrant,Male,20,Spain
19,Karyl Buckle,Leexo,Bitwolf,Male,52,Spain
20,Tanney Pharoah,Demivee,Stronghold,Female,35,France
21,Cara Porcas,Quimm,Voyatouch,Male,35,France
22,Even Hain,Aimbu,Biodex,Male,25,Spain
23,Eliza Friar,Gigazoom,Veribet,Female,46,Spain
24,Brant Loges,Pixope,Lotlux,Male,31,France
25,Amalie Gagg,Vinder,Zaam-Dox,Female,54,France
26,Fulvia Saggers,Devpoint,Stronghold,Male,29,France
27,Erminia Franzman,Dabjam,Keylex,Female,45,Germany
28,Halie Ishchenko,Quatz,Transcof,Male,35,France
29,Regen Gencke,Trudoo,Kanlam,Female,40,Germany
30,Christina Tapton,Cogidoo,Hatity,Female,23,France
31,Quill Broad,Eimbee,Tempsoft,Male,60,Spain
32,Stevy Crosher,Meevee,It,Female,21,France
33,Val Moncrieffe,Yacero,Matsoft,Male,53,Germany
34,Laura Fidge,Browsedrive,Regrant,Male,18,Spain
35,Ermina Skillett,Nlounge,Zoolab,Female,49,Spain
36,Natalya Schoolcroft,Skalith,Konklab,Female,21,France
37,Marybelle McElane,Mydeo,Redhold,Female,42,Spain
38,Shay Gallelli,Cogidoo,Bitwolf,Female,30,Spain
39,Theodor Cotte,Photobean,Sub-Ex,Female,36,France
40,Kimberley Conyers,Ozu,Toughjoyfax,Female,20,Germany
41,Malva Kean,Jaxworks,Zamit,Female,65,Spain
42,Shurlocke Fowlds,Thoughtsphere,Prodder,Male,24,France
43,Odetta Lamport,Skinte,Veribet,Male,48,France
44,Minda Filasov,Dynazzy,Wrapsafe,Female,31,France
45,Verney Piscopo,Midel,Gembucket,Female,49,Spain
46,Sibyl Terron,Flipbug,Transcof,Female,24,Germany
47,Jacqueline Tenney,Devshare,Konklux,Female,50,Germany
48,Perren Winterbourne,Ntags,Greenlam,Female,27,Germany
49,Asia Cornell,Podcat,Zaam-Dox,Female,29,Germany
50,Babette Gooch,Youfeed,Tempsoft,Female,31,Germany
51,Patrice Finci,Feedspan,Bigtax,Female,49,Germany
52,Fara Schankel,Feedmix,Bamity,Male,33,Germany
53,Kristoforo Tomes,Fadeo,Domainer,Female,31,France
54,Rozalie Brumbie,Topiczoom,Prodder,Male,59,Germany
55,Goddart Barthram,Divanoodle,Home Ing,Female,50,Germany
56,Garry Habert,Devcast,Sub-Ex,Male,47,France
57,Giovanna Gresham,Mybuzz,Tres-Zap,Female,51,France
58,Hymie Downgate,Bluezoom,Voyatouch,Male,69,Germany
59,Emlynne Joiner,Quinu,Fintone,Female,27,Spain
60,Junia Olrenshaw,Gabspot,Pannier,Male,53,France
61,Rees Maric,Oyondu,Asoka,Male,70,Germany
62,Dodie Daile,Jabbertype,Toughjoyfax,Male,19,Germany
63,Vidovic Graddell,Oyonder,Lotlux,Female,67,Spain
64,Grant Van Arsdalen,Roodel,Sonair,Female,54,Spain
65,Fidelity Stevenson,JumpXS,Flexidy,Male,63,Germany
66,Charo Forrester,Riffwire,Wrapsafe,Male,18,Germany
67,Cassandra Marriot,Devpoint,Tresom,Female,43,Germany
68,Paddy Rapson,Fliptune,Fix San,Female,68,Germany
69,Sherwin Warrack,Vitz,Tampflex,Male,19,Germany
70,Bernetta Broadfield,Flashpoint,Pannier,Female,32,France
71,Wendell Gawkroge,Browsecat,Bitchip,Male,70,Germany
72,Flem Di Biagio,Pixonyx,Span,Female,47,France
73,Raymund Firidolfi,Geba,Zathin,Female,60,Spain
74,Anastassia Sproat,Skajo,Andalax,Female,60,Germany
75,Ozzy Collingridge,Photofeed,Viva,Male,59,France
76,Ailsun Chalmers,Kwideo,Redhold,Male,26,France
77,Klarika Giffkins,Browsezoom,Redhold,Female,45,France
78,Brocky Barnwall,Voomm,Daltfresh,Male,40,France
79,Eduino Verry,Gabtype,Alphazap,Female,23,Spain
80,Veronique Ralston,Thoughtbeat,Ventosanzap,Female,49,Germany
81,Tobias Farley,Kazio,Prodder,Male,57,France
82,Elroy Twallin,Dynazzy,Hatity,Male,38,France
83,Billy Jeynes,Vinder,Hatity,Male,67,France
84,Orin Postans,Skilith,Stronghold,Female,46,France
85,Raye Wimpress,Trilith,Konklux,Female,21,France
86,Brandea Dohr,Shuffletag,Home Ing,Male,48,Spain
87,Walker Cordier,Aimbo,Gembucket,Female,55,Spain
88,Selia Stillgoe,Twimm,Otcom,Female,22,France
89,Althea Austen,Jabbertype,Stringtough,Female,34,France
90,Rhoda Tidcomb,Realbridge,Transcof,Female,50,Germany
91,Dewey Dunguy,Trilia,Keylex,Female,68,Spain
92,Hakim Bernini,Muxo,Voltsillam,Male,18,France
93,Tracee Selley,Jabberstorm,Aerified,Male,48,France
94,Faustine Likly,Yozio,Bytecard,Female,40,France
95,Kitty Geely,Feedfish,Kanlam,Female,32,Spain
96,Normie Spencer,Twitterlist,Namfix,Male,24,Spain
97,Myrwyn Hulks,Brainsphere,Solarbreeze,Female,47,Spain
98,Yves Northill,Leenti,Gembucket,Female,27,Germany
99,Wait Titmarsh,Wikibox,It,Male,48,Spain
100,Sidonia Malyan,Camido,Matsoft,Male,20,France
101,Lucinda Nortunen,Photojam,Alphazap,Female,23,France
102,Mallory Pounds,Edgeblab,Opela,Female,49,France
103,Josey Lodwig,Tagfeed,Opela,Male,67,France
104,Adrianna Neggrini,Thoughtworks,Wrapsafe,Male,26,Spain
105,Mathilde Lucia,Quire,Kanlam,Male,49,Spain
106,Leelah Marrows,Realmix,Biodex,Female,21,Spain
107,Lezlie Bartens,Trupe,Stringtough,Female,66,Germany
108,Jenna Papworth,Demivee,Stronghold,Male,54,Germany
109,Aurora Ruppele,Rhyloo,Daltfresh,Male,68,Spain
110,Eve Carass,BlogXS,Temp,Male,66,Germany
111,Lilas Raubenheimers,Edgeblab,Hatity,Male,65,Germany
112,Darill Aubry,Jabbersphere,Sub-Ex,Female,19,Germany
113,Perry Marshal,Flashpoint,Vagram,Female,38,France
114,Heidie Glentz,Devpoint,Cardguard,Male,19,Spain
115,Rickard Boustead,Rhynoodle,Voltsillam,Female,18,Germany
116,Valry Fetherstone,Bluejam,Namfix,Female,19,Germany
117,Romola Yvon,Meezzy,Alphazap,Female,63,Germany
118,Tarah Stockau,Podcat,Bigtax,Female,49,France
119,Trumaine Gratten,Jetwire,Matsoft,Female,51,Germany
120,Carlie Lane,Realfire,Lotlux,Female,50,Germany
121,Phylis Corbridge,Shuffletag,Kanlam,Male,27,France
122,Estella Montfort,Thoughtsphere,Toughjoyfax,Female,38,Spain
123,Si De Paepe,Topicware,Transcof,Female,40,France
124,Tammara McGibbon,Bubbletube,Transcof,Male,39,Germany
125,Devon Felkin,Flashpoint,Tampflex,Female,23,France
126,Estrellita Braisted,Zoomzone,Flexidy,Female,31,France
127,Xena Matschuk,Kwimbee,Flowdesk,Male,43,France
128,Chelsie Woodings,Innojam,Flexidy,Male,40,Germany
129,Ted Gater,Nlounge,Otcom,Male,59,France
130,Rodrick Keepe,Realblab,Fix San,Male,38,France
131,Kristi Amner,Wordware,Zoolab,Male,47,France
132,Henderson Brearty,Snaptags,Tin,Male,39,Germany
133,Rosamond Bruntje,Fliptune,Daltfresh,Female,25,France
134,Alvy Meah,Bluejam,Stim,Female,31,France
135,Celinda Salkild,Thoughtstorm,Treeflex,Male,20,Germany
136,Kathryn Brisseau,Oyonder,Bitchip,Female,29,Germany
137,Leonanie Owain,Thoughtbridge,Cookley,Female,44,Germany
138,Alexis Jacmard,Thoughtworks,Flexidy,Male,32,France
139,Millicent Olyonov,Photofeed,Otcom,Male,19,Spain
140,Lilly Bushill,Riffwire,Quo Lux,Female,35,Spain
141,Dave Saffrin,Ainyx,Voyatouch,Female,57,Germany
142,Lindy Rayburn,Yadel,Vagram,Male,32,France
143,Gabriel Greensite,Ozu,Cardguard,Female,28,France
144,Lidia Deely,Jabbersphere,Regrant,Female,32,Spain
145,Justin Haylands,Gigaclub,Ronstring,Male,25,France
146,Juieta Ronan,Skidoo,Y-Solowarm,Male,28,Spain
147,Viva Giberd,Wordpedia,Tres-Zap,Male,48,Spain
148,Wendeline Roostan,Thoughtmix,Konklux,Female,32,France
149,Shaina Garn,Tekfly,Tres-Zap,Female,34,France
150,Townsend Frazer,Miboo,Flexidy,Male,34,France
151,Lisle Troth,Digitube,Flexidy,Male,43,Spain
152,Aarika Esselen,Skipstorm,Veribet,Male,39,France
153,Nicola Brittin,Blogtags,Prodder,Female,44,Spain
154,Michale Beeston,Viva,Zoolab,Female,38,France
155,Harry Shucksmith,Brightbean,Biodex,Female,47,France
156,Muire Rafferty,Nlounge,Zontrax,Female,27,Spain
157,Halette Jamot,Avaveo,Gembucket,Male,37,France
158,Shannan Chesser,Jetpulse,Lotlux,Female,30,Spain
159,Melodie Salla,Thoughtmix,Konklux,Male,34,France
160,Rolando MacQueen,Zoonoodle,Lotlux,Female,30,Germany
161,Karrie Lensch,Reallinks,Y-find,Female,56,Spain
162,Karlen Oldam,Topicblab,Alphazap,Female,29,France
163,Jenine Scrase,Divavu,Andalax,Male,19,France
164,Millisent Stobbie,Twinder,Treeflex,Female,31,Spain
165,Danice Mauditt,Photobug,Cardify,Male,50,Spain
166,Maureene Brito,Realbuzz,Rank,Female,36,Germany
167,Gratiana Tabram,Yabox,Toughjoyfax,Male,42,Germany
168,Norma Lerohan,Dynazzy,Span,Female,33,Spain
169,Earvin Longhi,Gabtype,Bigtax,Female,36,Spain
170,Karlene Moodie,Bubblemix,Lotstring,Male,32,Germany
171,Luis Cough,Yodo,Wrapsafe,Male,40,France
172,Malissa Axston,Skalith,Redhold,Male,28,Germany
173,Orella Beebee,Centidel,Bigtax,Male,36,Germany
174,Jaclyn Ducket,Topicware,Stim,Male,36,France
175,Jessie Conklin,Quinu,Temp,Female,52,France
176,Almira Brosch,Ntags,Lotstring,Female,30,Spain
177,Dulcinea Borleace,Browseblab,Regrant,Male,58,France
178,Gerrie Gherardelli,Devcast,Latlux,Male,27,Germany
179,Shellysheldon Mulqueeny,Digitube,Home Ing,Male,59,Spain
180,Benito Mayward,Edgeify,Tempsoft,Male,35,Germany
181,Jolie Hawkes,Yata,Aerified,Female,37,Spain
182,Cassandra De La Coste,Thoughtbeat,Zontrax,Female,32,France
183,Aretha Hair,Babbleblab,Tempsoft,Male,46,Germany
184,Jerri Teague,Oyonder,Home Ing,Female,29,France
185,Lu Tonkes,Innojam,Sub-Ex,Female,41,France
186,Renate Swinyard,Kazio,Otcom,Male,30,France
187,Madel Colls,Livetube,Sonsing,Female,54,France
188,Reggis Kett,Riffwire,Alphazap,Male,28,Spain
189,Harriot Fitzsimon,Zazio,Konklux,Female,41,Spain
190,Erna Majury,Rhyloo,Sonair,Female,36,Germany
191,Nathan Goulthorp,Browsedrive,Flowdesk,Female,34,France
192,Athene Daout,Topdrive,Rank,Female,32,France
193,Katuscha Breede,Babbleset,Ventosanzap,Male,33,France
194,Monah Joselson,Fadeo,Matsoft,Female,38,France
195,Salvatore Hammett,Zoonder,Alpha,Female,47,Spain
196,Meggie Dunkerton,Layo,Sub-Ex,Female,35,France
197,Gamaliel Lednor,Zoomzone,It,Female,45,Spain
198,Lamar Wordsworth,Skynoodle,Flowdesk,Male,32,Germany
199,Sidnee Rapps,Quatz,Toughjoyfax,Male,32,France
200,Ebenezer Charteris,Devshare,Lotstring,Male,30,France
